building_id,ts,temp_c,humidity_pct,co2_ppm,occupancy_pct,kwh,water_l,alarm_count
Z01,2026-07-17T17:30:00.000Z,22.9,43,461,3,71.1,5615,0
Z01,2026-07-17T18:30:00.000Z,22.4,49,441,5,73.1,5792,0
Z01,2026-07-17T19:30:00.000Z,22.9,57,441,5,73,5140,0
Z01,2026-07-17T20:30:00.000Z,21.7,46,480,2,70.8,4904,0
Z01,2026-07-17T21:30:00.000Z,23.3,44,434,6,74.2,7139,0
Z01,2026-07-17T22:30:00.000Z,22.3,51,449,6,74.1,5192,0
Z01,2026-07-17T23:30:00.000Z,22.1,54,492,6,73.9,7127,0
Z01,2026-07-18T00:30:00.000Z,22.5,57,435,5,72.6,6403,0
Z01,2026-07-18T01:30:00.000Z,23.1,44,492,5,75.7,5174,0
Z01,2026-07-18T02:30:00.000Z,22.1,53,442,5,80,7079,0
Z01,2026-07-18T03:30:00.000Z,22.4,57,460,3,79.1,5566,0
Z01,2026-07-18T04:30:00.000Z,22.0,49,422,4,83.6,5694,0
Z01,2026-07-18T05:30:00.000Z,21.8,47,506,5,84.8,8366,0
Z01,2026-07-18T06:30:00.000Z,21.9,44,480,6,87,5880,0
Z01,2026-07-18T07:30:00.000Z,22.2,46,453,5,83.5,5753,0
Z01,2026-07-18T08:30:00.000Z,22.1,46,490,4,83,4444,0
Z01,2026-07-18T09:30:00.000Z,22.4,47,467,5,81.3,5113,0
Z01,2026-07-18T10:30:00.000Z,22.4,58,426,3,76.2,5566,0
Z01,2026-07-18T11:30:00.000Z,22.3,45,445,4,74.7,6983,0
Z01,2026-07-18T12:30:00.000Z,23.3,54,473,2,69.1,7330,0
Z01,2026-07-18T13:30:00.000Z,22.1,57,475,5,73,4482,0
Z01,2026-07-18T14:30:00.000Z,23.1,52,452,5,72,5131,0
Z01,2026-07-18T15:30:00.000Z,22.7,54,439,2,69.5,6720,0
Z01,2026-07-18T16:30:00.000Z,22.9,56,434,4,72.7,6971,0
Z01,2026-07-18T17:30:00.000Z,22.6,43,441,4,72.6,4429,0
Z01,2026-07-18T18:30:00.000Z,23.2,52,475,6,74.2,4566,0
Z01,2026-07-18T19:30:00.000Z,22.0,48,451,4,72.1,6923,0
Z01,2026-07-18T20:30:00.000Z,23.2,48,482,9,76.7,5479,0
Z01,2026-07-18T21:30:00.000Z,23.2,45,492,9,77.8,6882,0
Z01,2026-07-18T22:30:00.000Z,22.9,56,423,3,71.7,4375,0
Z01,2026-07-18T23:30:00.000Z,23.2,58,418,2,70.5,4878,0
Z01,2026-07-19T00:30:00.000Z,21.8,58,483,9,76.4,6816,0
Z01,2026-07-19T01:30:00.000Z,23.3,46,808,57,126.6,8476,0
Z01,2026-07-19T02:30:00.000Z,22.8,54,961,72,145.8,15044,0
Z01,2026-07-19T03:30:00.000Z,22.7,50,806,57,137.3,9687,0
Z01,2026-07-19T04:30:00.000Z,23.6,49,909,72,157.6,11011,0
Z01,2026-07-19T05:30:00.000Z,23.7,43,1000,78,164.8,12946,0
Z01,2026-07-19T06:30:00.000Z,23.1,44,886,60,145.9,13643,0
Z01,2026-07-19T07:30:00.000Z,23.7,54,874,60,144.6,13607,0
Z01,2026-07-19T08:30:00.000Z,23.4,42,982,75,160.3,15475,0
Z01,2026-07-19T09:30:00.000Z,22.2,56,778,53,133.2,12768,0
Z01,2026-07-19T10:30:00.000Z,22.7,56,444,5,77.8,5733,0
Z01,2026-07-19T11:30:00.000Z,22.3,45,445,3,73.2,6851,0
Z01,2026-07-19T12:30:00.000Z,23.4,49,460,6,74.9,5253,0
Z01,2026-07-19T13:30:00.000Z,23.2,49,490,8,77,6795,0
Z01,2026-07-19T14:30:00.000Z,21.9,53,446,3,71.6,7474,0
Z01,2026-07-19T15:30:00.000Z,22.6,45,432,4,71.9,6305,0
Z01,2026-07-19T16:30:00.000Z,22.3,49,479,2,70.9,6130,0
Z01,2026-07-19T17:30:00.000Z,22.2,43,480,6,74.1,5183,0
Z01,2026-07-19T18:30:00.000Z,21.7,46,484,5,73.3,5148,0
Z01,2026-07-19T19:30:00.000Z,22.4,43,430,4,72.3,6261,0
Z01,2026-07-19T20:30:00.000Z,22.9,58,512,10,78.2,6243,0
Z01,2026-07-19T21:30:00.000Z,22.6,44,470,10,78,7630,0
Z01,2026-07-19T22:30:00.000Z,22.8,55,523,10,77.8,5540,0
Z01,2026-07-19T23:30:00.000Z,22.4,53,445,4,71.9,6272,0
Z01,2026-07-20T00:30:00.000Z,22.6,57,453,8,74.9,8141,0
Z01,2026-07-20T01:30:00.000Z,22.3,54,762,50,120.2,13629,0
Z01,2026-07-20T02:30:00.000Z,22.6,48,933,75,150.3,12642,0
Z01,2026-07-20T03:30:00.000Z,23.7,54,892,70,149.8,16190,0
Z01,2026-07-20T04:30:00.000Z,23.7,49,813,51,135.1,12577,0
Z01,2026-07-20T05:30:00.000Z,22.6,51,852,60,147.8,13703,0
Z01,2026-07-20T06:30:00.000Z,23.7,45,929,68,154.5,9330,0
Z01,2026-07-20T07:30:00.000Z,23.6,56,809,51,134.1,12553,0
Z01,2026-07-20T08:30:00.000Z,22.8,53,816,51,133.4,11422,0
Z01,2026-07-20T09:30:00.000Z,23.5,58,779,52,132.3,9269,0
Z01,2026-07-20T10:30:00.000Z,21.9,55,446,5,79.3,6392,0
Z01,2026-07-20T11:30:00.000Z,22.2,49,450,3,72.8,4930,0
Z01,2026-07-20T12:30:00.000Z,22.8,56,465,5,72.8,6446,0
Z01,2026-07-20T13:30:00.000Z,23.1,45,455,7,74.4,7342,0
Z01,2026-07-20T14:30:00.000Z,21.8,43,485,8,74.8,6047,0
Z01,2026-07-20T15:30:00.000Z,22.4,45,501,8,76.7,6795,0
Z01,2026-07-20T16:30:00.000Z,23.0,45,422,3,69.7,6152,0
Z02,2026-07-17T17:30:00.000Z,23.2,53,469,4,90.6,7204,0
Z02,2026-07-17T18:30:00.000Z,22.6,53,490,4,91.5,7180,0
Z02,2026-07-17T19:30:00.000Z,22.7,57,502,5,92,6481,0
Z02,2026-07-17T20:30:00.000Z,23.1,42,458,4,89.6,10299,0
Z02,2026-07-17T21:30:00.000Z,22.1,48,462,4,91.4,8805,0
Z02,2026-07-17T22:30:00.000Z,23.1,48,443,4,91.8,7229,0
Z02,2026-07-17T23:30:00.000Z,21.9,50,418,3,89.7,7018,0
Z02,2026-07-18T00:30:00.000Z,22.6,46,467,6,93.4,7428,0
Z02,2026-07-18T01:30:00.000Z,22.7,48,459,6,96,9048,0
Z02,2026-07-18T02:30:00.000Z,22.0,50,441,2,96.9,6206,0
Z02,2026-07-18T03:30:00.000Z,22.0,46,469,6,104.2,9063,0
Z02,2026-07-18T04:30:00.000Z,22.4,46,423,4,103,7950,0
Z02,2026-07-18T05:30:00.000Z,23.1,49,457,6,109,9154,0
Z02,2026-07-18T06:30:00.000Z,23.2,45,475,5,108.3,10621,0
Z02,2026-07-18T07:30:00.000Z,22.4,58,423,2,102.6,8548,0
Z02,2026-07-18T08:30:00.000Z,22.7,52,429,3,103.2,7840,0
Z02,2026-07-18T09:30:00.000Z,22.9,54,483,7,106.7,7514,0
Z02,2026-07-18T10:30:00.000Z,22.5,44,438,6,101,5777,0
Z02,2026-07-18T11:30:00.000Z,22.5,56,464,5,95.5,5690,0
Z02,2026-07-18T12:30:00.000Z,22.2,45,484,8,96,8487,0
Z02,2026-07-18T13:30:00.000Z,22.3,48,419,3,91.4,7908,0
Z02,2026-07-18T14:30:00.000Z,21.7,45,505,5,91.7,8942,0
Z02,2026-07-18T15:30:00.000Z,23.2,52,456,4,92.1,7242,0
Z02,2026-07-18T16:30:00.000Z,22.3,44,481,4,90.7,8730,0
Z02,2026-07-18T17:30:00.000Z,21.9,51,449,7,94.8,8391,0
Z02,2026-07-18T18:30:00.000Z,22.1,42,419,3,90.2,6305,0
Z02,2026-07-18T19:30:00.000Z,23.1,49,419,2,90,10084,0
Z02,2026-07-18T20:30:00.000Z,22.2,54,459,9,95.8,7824,0
Z02,2026-07-18T21:30:00.000Z,22.1,45,525,9,97.4,10449,0
Z02,2026-07-18T22:30:00.000Z,22.2,53,477,2,88.7,6217,0
Z02,2026-07-18T23:30:00.000Z,23.4,55,519,11,97.9,10714,0
Z02,2026-07-19T00:30:00.000Z,23.3,47,492,7,94.6,9306,0
Z02,2026-07-19T01:30:00.000Z,22.9,44,499,8,100.1,7626,0
Z02,2026-07-19T02:30:00.000Z,22.4,50,847,60,169.6,14099,0
Z02,2026-07-19T03:30:00.000Z,23.5,50,962,75,196.7,17828,0
Z02,2026-07-19T04:30:00.000Z,22.8,51,837,60,179.8,15665,0
Z02,2026-07-19T05:30:00.000Z,23.1,54,942,76,204.6,12538,0
Z02,2026-07-19T06:30:00.000Z,23.3,42,1031,85,217.9,13367,0
Z02,2026-07-19T07:30:00.000Z,22.3,43,971,78,207.2,18145,0
Z02,2026-07-19T08:30:00.000Z,22.3,57,857,64,189.1,14582,0
Z02,2026-07-19T09:30:00.000Z,23.4,58,987,76,196.4,21444,0
Z02,2026-07-19T10:30:00.000Z,23.7,52,874,64,179,14595,0
Z02,2026-07-19T11:30:00.000Z,22.4,51,497,11,103.9,7109,0
Z02,2026-07-19T12:30:00.000Z,22.2,53,421,4,89.7,8005,0
Z02,2026-07-19T13:30:00.000Z,22.4,50,497,11,100.1,10714,0
Z02,2026-07-19T14:30:00.000Z,22.5,50,496,4,91.3,7204,0
Z02,2026-07-19T15:30:00.000Z,22.9,48,464,4,89.5,5565,0
Z02,2026-07-19T16:30:00.000Z,22.8,48,476,9,95.6,6922,0
Z02,2026-07-19T17:30:00.000Z,22.2,50,480,7,95.6,10890,0
Z02,2026-07-19T18:30:00.000Z,23.4,42,494,9,97.2,11284,0
Z02,2026-07-19T19:30:00.000Z,22.0,55,429,5,92.4,5719,0
Z02,2026-07-19T20:30:00.000Z,22.4,45,440,5,91.1,10532,0
Z02,2026-07-19T21:30:00.000Z,22.6,47,443,7,92.9,9215,0
Z02,2026-07-19T22:30:00.000Z,22.9,51,517,8,95.3,5970,0
Z02,2026-07-19T23:30:00.000Z,22.8,55,476,6,95,7490,0
Z02,2026-07-20T00:30:00.000Z,22.4,51,502,5,92.7,5719,0
Z02,2026-07-20T01:30:00.000Z,22.9,48,485,5,95.5,8115,0
Z02,2026-07-20T02:30:00.000Z,22.4,46,1052,86,203.5,15464,0
Z02,2026-07-20T03:30:00.000Z,22.5,43,881,65,184.6,11487,0
Z02,2026-07-20T04:30:00.000Z,23.4,54,817,56,175.8,13677,0
Z02,2026-07-20T05:30:00.000Z,22.5,47,931,72,201.7,17401,0
Z02,2026-07-20T06:30:00.000Z,23.2,44,1003,81,212.9,18600,0
Z02,2026-07-20T07:30:00.000Z,22.6,56,820,57,180.4,15238,0
Z02,2026-07-20T08:30:00.000Z,23.4,48,939,71,195.9,17167,0
Z02,2026-07-20T09:30:00.000Z,23.1,43,909,65,182.1,19592,0
Z02,2026-07-20T10:30:00.000Z,22.5,48,904,73,191.1,17498,0
Z02,2026-07-20T11:30:00.000Z,23.2,45,434,4,95.8,8046,0
Z02,2026-07-20T12:30:00.000Z,22.0,55,490,4,91.6,6360,0
Z02,2026-07-20T13:30:00.000Z,22.7,49,494,4,91.2,6426,0
Z02,2026-07-20T14:30:00.000Z,22.5,45,533,9,95.9,7812,0
Z02,2026-07-20T15:30:00.000Z,22.1,49,545,11,100,7186,0
Z02,2026-07-20T16:30:00.000Z,22.4,44,434,5,92.2,8927,0
Z03,2026-07-17T17:30:00.000Z,23.2,49,497,7,86.4,6103,0
Z03,2026-07-17T18:30:00.000Z,22.0,43,445,6,82.9,8159,0
Z03,2026-07-17T19:30:00.000Z,23.0,51,455,7,85.5,9933,0
Z03,2026-07-17T20:30:00.000Z,21.9,47,470,7,86.2,7579,0
Z03,2026-07-17T21:30:00.000Z,23.3,57,463,3,80.7,5625,0
Z03,2026-07-17T22:30:00.000Z,22.0,57,496,7,86.6,6832,0
Z03,2026-07-17T23:30:00.000Z,21.8,48,432,3,80.8,6350,0
Z03,2026-07-18T00:30:00.000Z,22.0,43,492,7,84.8,8282,0
Z03,2026-07-18T01:30:00.000Z,22.4,51,492,4,85,8676,0
Z03,2026-07-18T02:30:00.000Z,22.1,51,427,5,91.2,8781,0
Z03,2026-07-18T03:30:00.000Z,22.2,55,438,6,93.3,8200,0
Z03,2026-07-18T04:30:00.000Z,23.2,49,438,4,93.1,5009,0
Z03,2026-07-18T05:30:00.000Z,22.5,51,493,4,95.9,7885,0
Z03,2026-07-18T06:30:00.000Z,22.6,45,483,8,101.1,7703,0
Z03,2026-07-18T07:30:00.000Z,22.4,54,455,6,97.7,8945,0
Z03,2026-07-18T08:30:00.000Z,22.7,48,432,4,94.2,7994,0
Z03,2026-07-18T09:30:00.000Z,23.0,53,436,4,90.5,8587,0
Z03,2026-07-18T10:30:00.000Z,22.3,51,434,4,87.7,7912,0
Z03,2026-07-18T11:30:00.000Z,22.2,47,496,8,89.3,6153,0
Z03,2026-07-18T12:30:00.000Z,21.8,45,444,4,82.4,5734,0
Z03,2026-07-18T13:30:00.000Z,21.8,47,485,5,84.1,8063,0
Z03,2026-07-18T14:30:00.000Z,23.1,46,440,4,81.5,7898,0
Z03,2026-07-18T15:30:00.000Z,22.4,55,473,2,80.7,7019,0
Z03,2026-07-18T16:30:00.000Z,23.3,52,447,6,85.8,6003,0
Z03,2026-07-18T17:30:00.000Z,23.1,45,450,7,85.7,6843,0
Z03,2026-07-18T18:30:00.000Z,22.2,54,469,11,90.4,9647,0
Z03,2026-07-18T19:30:00.000Z,22.5,52,452,7,86.5,7628,0
Z03,2026-07-18T20:30:00.000Z,21.8,54,457,5,83.1,8781,0
Z03,2026-07-18T21:30:00.000Z,22.1,51,415,3,81.3,9157,0
Z03,2026-07-18T22:30:00.000Z,22.5,57,501,7,86,6821,0
Z03,2026-07-18T23:30:00.000Z,22.2,48,505,8,86.1,9199,0
Z03,2026-07-19T00:30:00.000Z,22.1,42,503,12,90.5,8164,0
Z03,2026-07-19T01:30:00.000Z,22.0,45,469,11,92.7,8870,0
Z03,2026-07-19T02:30:00.000Z,23.8,53,1064,90,193,12570,0
Z03,2026-07-19T03:30:00.000Z,23.3,44,1037,91,200.1,19876,0
Z03,2026-07-19T04:30:00.000Z,22.4,56,966,72,177.5,15717,0
Z03,2026-07-19T05:30:00.000Z,23.5,43,928,73,183.9,20481,0
Z03,2026-07-19T06:30:00.000Z,22.6,50,1030,86,200.8,19164,0
Z03,2026-07-19T07:30:00.000Z,23.7,49,868,67,174,16522,0
Z03,2026-07-19T08:30:00.000Z,23.1,51,928,71,178.9,14011,0
Z03,2026-07-19T09:30:00.000Z,22.6,43,838,56,156.3,10991,0
Z03,2026-07-19T10:30:00.000Z,23.9,47,1013,80,180.6,21694,0
Z03,2026-07-19T11:30:00.000Z,23.1,51,471,11,92.5,10435,0
Z03,2026-07-19T12:30:00.000Z,22.5,53,432,2,81.4,4913,0
Z03,2026-07-19T13:30:00.000Z,22.0,51,426,3,80.2,7748,0
Z03,2026-07-19T14:30:00.000Z,23.0,51,458,8,87.5,8528,0
Z03,2026-07-19T15:30:00.000Z,22.2,49,494,4,82.1,5774,0
Z03,2026-07-19T16:30:00.000Z,23.4,47,464,9,88.1,6232,0
Z03,2026-07-19T17:30:00.000Z,23.1,46,490,5,83.6,5113,0
Z03,2026-07-19T18:30:00.000Z,22.0,52,505,6,82.9,6675,0
Z03,2026-07-19T19:30:00.000Z,23.1,55,509,6,84.8,8254,0
Z03,2026-07-19T20:30:00.000Z,23.1,57,536,10,89.1,7202,0
Z03,2026-07-19T21:30:00.000Z,22.8,51,450,8,87,9289,0
Z03,2026-07-19T22:30:00.000Z,22.4,49,512,11,88.3,7224,0
Z03,2026-07-19T23:30:00.000Z,22.4,58,496,10,88.5,7168,0
Z03,2026-07-20T00:30:00.000Z,22.2,47,502,10,87.9,8720,0
Z03,2026-07-20T01:30:00.000Z,23.5,45,486,3,84.5,8452,0
Z03,2026-07-20T02:30:00.000Z,24.2,55,1020,85,184.2,18973,0
Z03,2026-07-20T03:30:00.000Z,23.4,51,1001,87,194,21071,0
Z03,2026-07-20T04:30:00.000Z,24.1,51,936,68,176,16687,0
Z03,2026-07-20T05:30:00.000Z,23.6,55,890,64,171.3,13205,0
Z03,2026-07-20T06:30:00.000Z,24.0,49,868,63,172.7,17517,0
Z03,2026-07-20T07:30:00.000Z,24.0,43,1059,85,196.5,18986,1
Z03,2026-07-20T08:30:00.000Z,24.0,54,824,59,163.9,16800,1
Z03,2026-07-20T09:30:00.000Z,25.5,48,923,74,178.1,14325,1
Z03,2026-07-20T10:30:00.000Z,25.1,44,1039,81,178.6,18535,1
Z03,2026-07-20T11:30:00.000Z,25.5,51,449,2,84.1,8407,1
Z03,2026-07-20T12:30:00.000Z,25.0,45,462,2,80.3,5575,1
Z03,2026-07-20T13:30:00.000Z,24.9,43,465,6,84.9,5973,1
Z03,2026-07-20T14:30:00.000Z,25.1,57,430,3,79.5,4922,1
Z03,2026-07-20T15:30:00.000Z,25.1,54,480,6,83.8,7492,1
Z03,2026-07-20T16:30:00.000Z,26.3,53,436,5,82.2,8751,1
Z04,2026-07-17T17:30:00.000Z,22.7,43,434,5,64.2,6742,0
Z04,2026-07-17T18:30:00.000Z,21.9,56,500,5,63.1,6170,0
Z04,2026-07-17T19:30:00.000Z,22.2,43,453,2,60.6,5322,0
Z04,2026-07-17T20:30:00.000Z,21.9,49,449,6,64.5,7416,0
Z04,2026-07-17T21:30:00.000Z,21.8,43,426,2,62.1,6444,0
Z04,2026-07-17T22:30:00.000Z,21.9,46,489,5,63.7,6788,0
Z04,2026-07-17T23:30:00.000Z,22.1,44,422,2,60.5,4790,0
Z04,2026-07-18T00:30:00.000Z,22.7,56,507,6,65,5695,0
Z04,2026-07-18T01:30:00.000Z,22.4,51,451,1,63.9,4220,0
Z04,2026-07-18T02:30:00.000Z,22.4,50,432,4,69.2,6138,0
Z04,2026-07-18T03:30:00.000Z,22.2,49,438,6,72.4,6296,0
Z04,2026-07-18T04:30:00.000Z,21.8,55,449,6,73.7,4556,0
Z04,2026-07-18T05:30:00.000Z,22.7,50,449,4,73,4426,0
Z04,2026-07-18T06:30:00.000Z,22.1,51,468,6,75.9,6286,0
Z04,2026-07-18T07:30:00.000Z,22.5,54,455,5,74.8,6788,0
Z04,2026-07-18T08:30:00.000Z,22.7,46,449,2,69.7,6364,0
Z04,2026-07-18T09:30:00.000Z,22.2,51,478,5,71,5609,0
Z04,2026-07-18T10:30:00.000Z,22.4,54,497,5,69.2,3920,0
Z04,2026-07-18T11:30:00.000Z,22.3,43,478,2,64.3,3719,0
Z04,2026-07-18T12:30:00.000Z,23.0,54,458,3,63.1,7093,0
Z04,2026-07-18T13:30:00.000Z,21.9,42,476,2,61.3,4799,0
Z04,2026-07-18T14:30:00.000Z,23.0,52,471,5,64,4503,0
Z04,2026-07-18T15:30:00.000Z,23.1,57,472,4,64,5580,0
Z04,2026-07-18T16:30:00.000Z,22.5,48,436,3,62.7,6012,0
Z04,2026-07-18T17:30:00.000Z,23.0,44,432,4,63.5,6685,0
Z04,2026-07-18T18:30:00.000Z,22.5,55,467,8,66.9,5358,0
Z04,2026-07-18T19:30:00.000Z,22.8,55,496,8,65.6,4717,0
Z04,2026-07-18T20:30:00.000Z,23.1,49,463,9,67.5,7201,0
Z04,2026-07-18T21:30:00.000Z,23.2,54,488,6,64.5,6254,0
Z04,2026-07-18T22:30:00.000Z,22.4,46,473,9,68.1,7224,0
Z04,2026-07-18T23:30:00.000Z,21.9,45,477,7,65.7,5229,0
Z04,2026-07-19T00:30:00.000Z,22.8,43,499,5,64.1,6708,0
Z04,2026-07-19T01:30:00.000Z,22.5,58,453,7,68.5,4053,0
Z04,2026-07-19T02:30:00.000Z,22.0,45,461,4,68,7143,0
Z04,2026-07-19T03:30:00.000Z,22.7,50,874,66,128.1,12561,0
Z04,2026-07-19T04:30:00.000Z,22.4,48,908,69,134,10535,0
Z04,2026-07-19T05:30:00.000Z,22.8,53,812,60,127.2,14186,0
Z04,2026-07-19T06:30:00.000Z,23.1,50,799,56,125.5,13677,0
Z04,2026-07-19T07:30:00.000Z,22.7,50,817,56,123.7,7378,0
Z04,2026-07-19T08:30:00.000Z,23.3,45,1003,84,148.8,17081,0
Z04,2026-07-19T09:30:00.000Z,23.7,50,770,53,115.9,10205,0
Z04,2026-07-19T10:30:00.000Z,22.4,52,805,56,116.6,12625,0
Z04,2026-07-19T11:30:00.000Z,23.3,51,768,49,104.5,11834,0
Z04,2026-07-19T12:30:00.000Z,23.5,47,867,63,114,13427,0
Z04,2026-07-19T13:30:00.000Z,21.8,47,473,4,64.3,5580,0
Z04,2026-07-19T14:30:00.000Z,23.3,44,493,7,66.6,5272,0
Z04,2026-07-19T15:30:00.000Z,23.0,55,439,1,60.9,5823,0
Z04,2026-07-19T16:30:00.000Z,22.0,47,471,8,66.1,4701,0
Z04,2026-07-19T17:30:00.000Z,23.0,55,466,8,66.5,5366,0
Z04,2026-07-19T18:30:00.000Z,22.9,47,493,10,68.5,5487,0
Z04,2026-07-19T19:30:00.000Z,22.5,42,499,5,64.8,6788,0
Z04,2026-07-19T20:30:00.000Z,23.2,54,500,6,65.2,6869,0
Z04,2026-07-19T21:30:00.000Z,22.5,43,450,3,62.8,4334,0
Z04,2026-07-19T22:30:00.000Z,23.2,55,491,9,67.6,4778,0
Z04,2026-07-19T23:30:00.000Z,23.1,54,448,3,62.2,5418,0
Z04,2026-07-20T00:30:00.000Z,22.6,47,491,10,68.2,6068,0
Z04,2026-07-20T01:30:00.000Z,23.3,57,460,8,69.8,5953,0
Z04,2026-07-20T02:30:00.000Z,22.5,49,447,6,70.8,7416,0
Z04,2026-07-20T03:30:00.000Z,22.5,43,985,83,145.6,14432,0
Z04,2026-07-20T04:30:00.000Z,23.5,50,916,73,138.6,14609,0
Z04,2026-07-20T05:30:00.000Z,22.4,51,787,47,114.2,12546,0
Z04,2026-07-20T06:30:00.000Z,23.4,49,1010,83,151.8,11748,0
Z04,2026-07-20T07:30:00.000Z,22.9,55,956,74,142.3,15838,0
Z04,2026-07-20T08:30:00.000Z,22.4,54,733,47,112.1,8643,0
Z04,2026-07-20T09:30:00.000Z,22.6,53,1037,83,144,9177,0
Z04,2026-07-20T10:30:00.000Z,23.7,50,1018,84,141,14474,0
Z04,2026-07-20T11:30:00.000Z,23.4,45,830,56,110.6,11510,0
Z04,2026-07-20T12:30:00.000Z,23.2,44,887,68,114.9,15093,0
Z04,2026-07-20T13:30:00.000Z,23.0,57,438,6,64.1,5724,0
Z04,2026-07-20T14:30:00.000Z,21.8,54,424,4,62.4,4954,0
Z04,2026-07-20T15:30:00.000Z,22.7,46,428,3,62.4,7118,0
Z04,2026-07-20T16:30:00.000Z,22.5,48,449,2,61.1,3766,0
Z05,2026-07-17T17:30:00.000Z,23.1,52,461,6,55.9,4892,0
Z05,2026-07-17T18:30:00.000Z,22.6,51,493,5,54.9,3413,0
Z05,2026-07-17T19:30:00.000Z,23.2,44,433,6,55.7,4433,0
Z05,2026-07-17T20:30:00.000Z,21.8,57,492,5,55.2,5772,0
Z05,2026-07-17T21:30:00.000Z,23.2,48,460,4,53.4,3315,0
Z05,2026-07-17T22:30:00.000Z,22.3,49,478,5,54.5,3894,0
Z05,2026-07-17T23:30:00.000Z,22.3,56,450,2,52.2,5486,0
Z05,2026-07-18T00:30:00.000Z,23.3,43,448,3,52.9,3275,0
Z05,2026-07-18T01:30:00.000Z,22.8,47,413,3,56.3,4678,0
Z05,2026-07-18T02:30:00.000Z,21.7,53,451,2,56.9,5535,0
Z05,2026-07-18T03:30:00.000Z,23.6,56,754,51,98.8,7763,0
Z05,2026-07-18T04:30:00.000Z,22.7,43,861,62,110.1,12420,0
Z05,2026-07-18T05:30:00.000Z,23.3,42,1103,36,89.4,5900,0
Z05,2026-07-18T06:30:00.000Z,23.2,51,1227,48,100.1,6736,0
Z05,2026-07-18T07:30:00.000Z,22.8,52,1085,52,102.4,8716,0
Z05,2026-07-18T08:30:00.000Z,22.1,44,1290,43,93.8,9610,0
Z05,2026-07-18T09:30:00.000Z,23.2,47,830,54,100.3,10626,0
Z05,2026-07-18T10:30:00.000Z,22.2,46,717,43,89.6,7185,0
Z05,2026-07-18T11:30:00.000Z,22.5,47,765,52,93.5,10488,0
Z05,2026-07-18T12:30:00.000Z,22.8,45,855,66,98.5,8910,0
Z05,2026-07-18T13:30:00.000Z,22.8,48,885,62,95.1,7597,0
Z05,2026-07-18T14:30:00.000Z,23.2,58,864,56,91.6,6354,0
Z05,2026-07-18T15:30:00.000Z,22.3,48,873,65,97.1,6826,0
Z05,2026-07-18T16:30:00.000Z,22.7,49,824,57,93.6,9143,0
Z05,2026-07-18T17:30:00.000Z,21.8,56,461,3,53.6,3749,0
Z05,2026-07-18T18:30:00.000Z,22.7,51,476,6,55.8,3914,0
Z05,2026-07-18T19:30:00.000Z,22.3,56,455,2,51.8,5020,0
Z05,2026-07-18T20:30:00.000Z,21.8,55,430,3,53.3,5192,0
Z05,2026-07-18T21:30:00.000Z,22.2,49,433,5,54.2,3396,0
Z05,2026-07-18T22:30:00.000Z,22.9,46,473,3,53.2,5594,0
Z05,2026-07-18T23:30:00.000Z,21.7,50,485,3,52.9,4196,0
Z05,2026-07-19T00:30:00.000Z,22.9,54,479,2,53.3,4596,0
Z05,2026-07-19T01:30:00.000Z,22.2,52,467,4,55.9,4285,0
Z05,2026-07-19T02:30:00.000Z,22.1,51,457,2,57.7,4621,0
Z05,2026-07-19T03:30:00.000Z,23.5,43,852,64,108.5,10636,0
Z05,2026-07-19T04:30:00.000Z,22.1,55,740,47,99.2,6670,0
Z05,2026-07-19T05:30:00.000Z,22.8,43,1204,41,94.1,9334,0
Z05,2026-07-19T06:30:00.000Z,22.9,57,1235,60,110.9,7518,0
Z05,2026-07-19T07:30:00.000Z,22.7,53,1185,84,128.3,12445,0
Z05,2026-07-19T08:30:00.000Z,22.1,44,1101,32,85.3,8446,0
Z05,2026-07-19T09:30:00.000Z,23.7,58,799,50,96.9,10222,0
Z05,2026-07-19T10:30:00.000Z,22.7,48,797,50,95.4,9442,0
Z05,2026-07-19T11:30:00.000Z,23.2,55,740,48,89.5,7570,0
Z05,2026-07-19T12:30:00.000Z,22.1,53,756,42,82.5,10261,0
Z05,2026-07-19T13:30:00.000Z,22.2,56,705,37,77.6,8929,0
Z05,2026-07-19T14:30:00.000Z,23.5,58,698,41,80.1,7844,0
Z05,2026-07-19T15:30:00.000Z,23.5,46,730,40,80.8,6183,0
Z05,2026-07-19T16:30:00.000Z,23.7,43,819,61,96.5,10392,0
Z05,2026-07-19T17:30:00.000Z,22.3,51,470,2,53,5101,0
Z05,2026-07-19T18:30:00.000Z,23.2,56,447,2,52.8,3651,0
Z05,2026-07-19T19:30:00.000Z,21.9,49,476,6,56.1,5890,0
Z05,2026-07-19T20:30:00.000Z,22.7,48,415,2,52.6,5555,0
Z05,2026-07-19T21:30:00.000Z,22.3,45,485,4,54.6,3809,0
Z05,2026-07-19T22:30:00.000Z,22.3,55,420,2,52.7,3206,0
Z05,2026-07-19T23:30:00.000Z,21.9,43,438,5,54.4,3855,0
Z05,2026-07-20T00:30:00.000Z,22.6,46,451,2,52.8,4114,0
Z05,2026-07-20T01:30:00.000Z,22.2,45,469,4,57,5693,0
Z05,2026-07-20T02:30:00.000Z,23.2,46,460,2,57.6,4613,0
Z05,2026-07-20T03:30:00.000Z,22.6,44,887,61,106.2,6602,0
Z05,2026-07-20T04:30:00.000Z,23.5,46,819,59,107.1,11159,0
Z05,2026-07-20T05:30:00.000Z,22.7,57,1286,52,103.3,9551,0
Z05,2026-07-20T06:30:00.000Z,23.7,46,1132,63,113.8,8658,0
Z05,2026-07-20T07:30:00.000Z,23.2,46,1231,59,108,9291,0
Z05,2026-07-20T08:30:00.000Z,23.3,45,1128,78,122.1,10837,0
Z05,2026-07-20T09:30:00.000Z,23.2,55,766,46,95,9896,0
Z05,2026-07-20T10:30:00.000Z,22.3,46,777,50,95.6,10212,0
Z05,2026-07-20T11:30:00.000Z,23.3,52,914,66,102.4,7893,0
Z05,2026-07-20T12:30:00.000Z,22.1,43,677,41,80.6,10112,0
Z05,2026-07-20T13:30:00.000Z,23.8,45,902,69,101.2,9072,0
Z05,2026-07-20T14:30:00.000Z,23.7,56,824,58,93.1,8266,0
Z05,2026-07-20T15:30:00.000Z,23.1,45,813,51,88,11255,0
Z05,2026-07-20T16:30:00.000Z,22.5,43,760,52,89.3,10449,0
Z06,2026-07-17T17:30:00.000Z,23.1,56,985,82,239.1,23911,0
Z06,2026-07-17T18:30:00.000Z,23.2,53,1015,87,243,32111,0
Z06,2026-07-17T19:30:00.000Z,22.5,42,1040,83,238.4,26379,0
Z06,2026-07-17T20:30:00.000Z,24.0,53,1100,93,254.9,30926,0
Z06,2026-07-17T21:30:00.000Z,22.7,47,1098,92,252.7,30778,0
Z06,2026-07-17T22:30:00.000Z,23.4,58,1112,92,247.3,33275,0
Z06,2026-07-17T23:30:00.000Z,23.7,45,983,80,230.9,23542,0
Z06,2026-07-18T00:30:00.000Z,23.9,54,1008,82,236.6,26321,0
Z06,2026-07-18T01:30:00.000Z,23.1,55,670,30,163,14764,0
Z06,2026-07-18T02:30:00.000Z,22.5,55,578,26,162.3,12593,0
Z06,2026-07-18T03:30:00.000Z,23.1,56,528,18,153.2,12693,0
Z06,2026-07-18T04:30:00.000Z,23.3,54,664,34,188.2,15502,0
Z06,2026-07-18T05:30:00.000Z,23.4,50,570,19,161.8,12728,0
Z06,2026-07-18T06:30:00.000Z,23.4,57,528,19,162.8,10238,0
Z06,2026-07-18T07:30:00.000Z,23.4,42,670,33,188.9,18307,0
Z06,2026-07-18T08:30:00.000Z,23.5,57,686,40,197.9,21362,0
Z06,2026-07-18T09:30:00.000Z,22.2,43,609,30,173.3,17738,0
Z06,2026-07-18T10:30:00.000Z,22.7,47,655,30,166.6,17675,0
Z06,2026-07-18T11:30:00.000Z,23.1,48,645,30,161.3,17675,0
Z06,2026-07-18T12:30:00.000Z,23.2,46,682,38,165.3,19318,0
Z06,2026-07-18T13:30:00.000Z,22.4,52,566,20,137.7,12921,0
Z06,2026-07-18T14:30:00.000Z,22.0,50,642,28,152.8,13019,0
Z06,2026-07-18T15:30:00.000Z,22.4,49,983,79,230.3,30422,0
Z06,2026-07-18T16:30:00.000Z,23.9,55,998,83,236.5,21599,0
Z06,2026-07-18T17:30:00.000Z,23.2,44,1003,79,230.3,30376,0
Z06,2026-07-18T18:30:00.000Z,22.5,55,1039,89,246.3,27538,0
Z06,2026-07-18T19:30:00.000Z,23.1,50,966,82,238.1,21488,0
Z06,2026-07-18T20:30:00.000Z,23.7,57,1082,92,247,20449,0
Z06,2026-07-18T21:30:00.000Z,23.6,52,1096,90,247.9,27827,0
Z06,2026-07-18T22:30:00.000Z,22.4,49,1015,84,238,26669,0
Z06,2026-07-18T23:30:00.000Z,23.6,45,1100,96,256.8,21025,0
Z06,2026-07-19T00:30:00.000Z,22.7,45,1039,88,246.8,24894,0
Z06,2026-07-19T01:30:00.000Z,23.1,50,661,34,168,20175,0
Z06,2026-07-19T02:30:00.000Z,22.4,57,714,43,191.5,20414,0
Z06,2026-07-19T03:30:00.000Z,22.7,49,585,26,167.3,14097,0
Z06,2026-07-19T04:30:00.000Z,22.1,56,643,29,176,11615,0
Z06,2026-07-19T05:30:00.000Z,23.5,47,620,25,173,17961,0
Z06,2026-07-19T06:30:00.000Z,22.0,49,637,25,174.3,11039,0
Z06,2026-07-19T07:30:00.000Z,23.1,45,561,23,169.1,14870,0
Z06,2026-07-19T08:30:00.000Z,22.0,56,697,33,183.7,18265,0
Z06,2026-07-19T09:30:00.000Z,22.2,53,704,40,193.3,21407,0
Z06,2026-07-19T10:30:00.000Z,22.6,53,607,25,161.6,15217,0
Z06,2026-07-19T11:30:00.000Z,23.6,49,648,35,172.3,12443,0
Z06,2026-07-19T12:30:00.000Z,23.6,50,736,40,168.4,18133,0
Z06,2026-07-19T13:30:00.000Z,23.2,45,690,38,169.8,17728,0
Z06,2026-07-19T14:30:00.000Z,22.1,50,530,16,132.9,8541,0
Z06,2026-07-19T15:30:00.000Z,23.3,46,1038,82,233.3,28545,0
Z06,2026-07-19T16:30:00.000Z,23.2,55,1057,89,247,27538,0
Z06,2026-07-19T17:30:00.000Z,22.6,43,1053,84,241.7,26707,0
Z06,2026-07-19T18:30:00.000Z,23.4,52,1001,83,238.6,31358,0
Z06,2026-07-19T19:30:00.000Z,23.3,45,1088,91,247.8,30589,0
Z06,2026-07-19T20:30:00.000Z,23.8,55,1100,95,257.4,18298,0
Z06,2026-07-19T21:30:00.000Z,23.3,45,1058,87,245,29683,0
Z06,2026-07-19T22:30:00.000Z,23.4,42,1023,89,248.3,20084,0
Z06,2026-07-19T23:30:00.000Z,23.1,56,1034,90,246.5,17684,0
Z06,2026-07-20T00:30:00.000Z,23.0,51,1120,93,254.1,23226,0
Z06,2026-07-20T01:30:00.000Z,23.4,50,646,36,174.1,14204,0
Z06,2026-07-20T02:30:00.000Z,23.2,43,646,32,173.9,18054,0
Z06,2026-07-20T03:30:00.000Z,23.4,46,605,28,171.8,14360,0
Z06,2026-07-20T04:30:00.000Z,22.1,53,739,40,197.1,18230,0
Z06,2026-07-20T05:30:00.000Z,22.7,55,554,20,163.9,14310,0
Z06,2026-07-20T06:30:00.000Z,22.6,52,643,31,184,10409,0
Z06,2026-07-20T07:30:00.000Z,23.5,42,664,38,193.4,14520,0
Z06,2026-07-20T08:30:00.000Z,23.1,54,543,16,155.8,14747,0
Z06,2026-07-20T09:30:00.000Z,22.6,54,585,23,163.1,12150,0
Z06,2026-07-20T10:30:00.000Z,23.1,55,642,26,160.9,13957,0
Z06,2026-07-20T11:30:00.000Z,23.2,49,542,21,149.6,14483,0
Z06,2026-07-20T12:30:00.000Z,23.0,52,671,32,160.5,16569,0
Z06,2026-07-20T13:30:00.000Z,22.6,50,765,42,174.5,13525,0
Z06,2026-07-20T14:30:00.000Z,23.4,45,707,41,170.8,16730,0
Z06,2026-07-20T15:30:00.000Z,23.6,56,1132,95,258.8,20968,0
Z06,2026-07-20T16:30:00.000Z,23.4,43,1074,87,240.3,32065,0
Z07,2026-07-17T17:30:00.000Z,24.0,52,1037,82,233.4,21488,0
Z07,2026-07-17T18:30:00.000Z,23.2,55,1042,82,238.6,31015,0
Z07,2026-07-17T19:30:00.000Z,22.8,55,978,81,233.4,26089,0
Z07,2026-07-17T20:30:00.000Z,23.1,51,1090,96,258.7,28870,0
Z07,2026-07-17T21:30:00.000Z,23.9,49,1020,81,236.7,28503,0
Z07,2026-07-17T22:30:00.000Z,22.6,45,1018,82,237.2,19044,0
Z07,2026-07-17T23:30:00.000Z,22.8,58,961,81,230.5,28335,0
Z07,2026-07-18T00:30:00.000Z,22.6,47,1020,80,233,28229,0
Z07,2026-07-18T01:30:00.000Z,22.7,55,714,36,169.8,18918,0
Z07,2026-07-18T02:30:00.000Z,23.0,50,649,35,177.7,15642,0
Z07,2026-07-18T03:30:00.000Z,22.8,48,638,34,180.1,13951,0
Z07,2026-07-18T04:30:00.000Z,22.3,45,707,42,198.9,13483,0
Z07,2026-07-18T05:30:00.000Z,21.8,45,548,17,157.1,12429,0
Z07,2026-07-18T06:30:00.000Z,22.0,49,648,26,172.5,9770,0
Z07,2026-07-18T07:30:00.000Z,23.2,56,628,23,168.6,13553,0
Z07,2026-07-18T08:30:00.000Z,22.5,51,765,44,202.8,17240,0
Z07,2026-07-18T09:30:00.000Z,23.1,49,572,22,160.8,13412,0
Z07,2026-07-18T10:30:00.000Z,22.4,49,515,17,145.2,11155,0
Z07,2026-07-18T11:30:00.000Z,23.0,55,563,20,147.1,12921,0
Z07,2026-07-18T12:30:00.000Z,22.0,42,606,25,147.7,15217,0
Z07,2026-07-18T13:30:00.000Z,21.9,43,519,18,136.4,12605,0
Z07,2026-07-18T14:30:00.000Z,22.6,48,649,34,160,15484,0
Z07,2026-07-18T15:30:00.000Z,22.9,52,1002,79,229.5,28019,0
Z07,2026-07-18T16:30:00.000Z,23.5,47,993,79,228.5,28019,0
Z07,2026-07-18T17:30:00.000Z,24.1,51,1096,95,256.3,20940,0
Z07,2026-07-18T18:30:00.000Z,23.1,48,1013,79,232.3,18693,0
Z07,2026-07-18T19:30:00.000Z,23.9,54,1010,79,231,16307,0
Z07,2026-07-18T20:30:00.000Z,23.7,49,1040,85,237,29283,0
Z07,2026-07-18T21:30:00.000Z,22.8,58,1000,79,231.4,20935,0
Z07,2026-07-18T22:30:00.000Z,23.3,56,940,78,231.9,18595,0
Z07,2026-07-18T23:30:00.000Z,23.1,57,1115,95,251.3,26070,0
Z07,2026-07-19T00:30:00.000Z,23.1,50,1053,86,237.8,24543,0
Z07,2026-07-19T01:30:00.000Z,23.1,49,517,18,143.1,12570,0
Z07,2026-07-19T02:30:00.000Z,22.6,50,536,17,147.1,9986,0
Z07,2026-07-19T03:30:00.000Z,22.1,46,552,18,153.2,13865,0
Z07,2026-07-19T04:30:00.000Z,22.0,53,574,17,158.5,8774,0
Z07,2026-07-19T05:30:00.000Z,22.1,53,582,21,167.1,14561,0
Z07,2026-07-19T06:30:00.000Z,22.8,45,532,16,155.7,9817,0
Z07,2026-07-19T07:30:00.000Z,22.9,54,622,24,168.1,10898,0
Z07,2026-07-19T08:30:00.000Z,22.7,43,675,35,186.4,15695,0
Z07,2026-07-19T09:30:00.000Z,22.2,55,626,24,165.3,12308,0
Z07,2026-07-19T10:30:00.000Z,21.9,51,625,28,165,18714,0
Z07,2026-07-19T11:30:00.000Z,22.2,55,592,20,145.7,14232,0
Z07,2026-07-19T12:30:00.000Z,23.1,53,612,25,150.1,11109,0
Z07,2026-07-19T13:30:00.000Z,22.1,52,551,21,139.9,11834,0
Z07,2026-07-19T14:30:00.000Z,23.6,55,771,43,173.9,22183,0
Z07,2026-07-19T15:30:00.000Z,22.9,47,1079,92,251.7,28136,0
Z07,2026-07-19T16:30:00.000Z,23.5,57,1056,94,257,20842,0
Z07,2026-07-19T17:30:00.000Z,23.7,51,1060,88,247.9,29936,0
Z07,2026-07-19T18:30:00.000Z,22.5,43,993,84,240.5,28967,0
Z07,2026-07-19T19:30:00.000Z,24.0,53,1085,94,253.5,20786,0
Z07,2026-07-19T20:30:00.000Z,22.7,50,1061,95,256.2,23510,0
Z07,2026-07-19T21:30:00.000Z,22.9,52,986,81,234.6,18904,0
Z07,2026-07-19T22:30:00.000Z,23.2,49,1053,94,254.3,25947,0
Z07,2026-07-19T23:30:00.000Z,24.0,50,1060,94,254.5,31263,0
Z07,2026-07-20T00:30:00.000Z,23.4,52,983,83,238,21678,0
Z07,2026-07-20T01:30:00.000Z,23.6,57,750,41,180.1,21704,0
Z07,2026-07-20T02:30:00.000Z,22.8,45,694,42,188.9,16818,0
Z07,2026-07-20T03:30:00.000Z,23.2,48,680,37,187.2,20791,0
Z07,2026-07-20T04:30:00.000Z,22.5,49,678,39,192.9,11380,0
Z07,2026-07-20T05:30:00.000Z,22.2,52,609,25,174.5,15294,0
Z07,2026-07-20T06:30:00.000Z,22.2,43,664,30,180.5,16125,0
Z07,2026-07-20T07:30:00.000Z,22.7,48,632,34,188.8,15449,0
Z07,2026-07-20T08:30:00.000Z,23.1,48,714,43,199.7,16959,0
Z07,2026-07-20T09:30:00.000Z,23.2,51,642,35,184.5,20243,0
Z07,2026-07-20T10:30:00.000Z,22.5,52,696,34,176.8,18475,0
Z07,2026-07-20T11:30:00.000Z,23.4,43,679,36,174,17341,0
Z07,2026-07-20T12:30:00.000Z,22.2,58,543,19,139.2,8909,0
Z07,2026-07-20T13:30:00.000Z,22.8,58,597,23,146.3,12198,0
Z07,2026-07-20T14:30:00.000Z,22.1,47,709,44,176.5,15421,0
Z07,2026-07-20T15:30:00.000Z,23.8,44,1066,91,246.3,22863,0
Z07,2026-07-20T16:30:00.000Z,22.5,49,1028,80,230.5,23542,0
Z08,2026-07-17T17:30:00.000Z,21.9,56,556,15,113.7,8281,0
Z08,2026-07-17T18:30:00.000Z,23.1,54,563,21,120.2,10132,0
Z08,2026-07-17T19:30:00.000Z,22.7,56,498,13,111.4,12131,0
Z08,2026-07-17T20:30:00.000Z,22.3,48,577,18,118.9,8692,0
Z08,2026-07-17T21:30:00.000Z,22.2,43,512,6,104,10916,0
Z08,2026-07-17T22:30:00.000Z,22.3,45,611,23,124.4,9272,0
Z08,2026-07-17T23:30:00.000Z,23.5,56,900,62,177.4,17514,0
Z08,2026-07-18T00:30:00.000Z,24.0,43,996,78,196.4,17966,0
Z08,2026-07-18T01:30:00.000Z,23.7,44,923,75,202.5,17571,0
Z08,2026-07-18T02:30:00.000Z,22.4,42,454,5,110.1,10771,0
Z08,2026-07-18T03:30:00.000Z,22.7,46,494,8,116.5,7519,0
Z08,2026-07-18T04:30:00.000Z,22.1,43,487,8,119.3,8418,0
Z08,2026-07-18T05:30:00.000Z,22.0,51,613,24,148.3,9393,0
Z08,2026-07-18T06:30:00.000Z,22.2,44,519,15,131.7,10366,0
Z08,2026-07-18T07:30:00.000Z,22.0,49,565,15,132.5,11386,0
Z08,2026-07-18T08:30:00.000Z,22.3,52,529,18,135.4,9724,0
Z08,2026-07-18T09:30:00.000Z,22.4,49,542,20,135.9,12317,0
Z08,2026-07-18T10:30:00.000Z,22.9,49,977,75,209,17503,0
Z08,2026-07-18T11:30:00.000Z,23.9,43,946,70,195,16905,0
Z08,2026-07-18T12:30:00.000Z,22.3,52,890,68,182.6,16538,0
Z08,2026-07-18T13:30:00.000Z,23.3,55,846,63,179.1,14192,0
Z08,2026-07-18T14:30:00.000Z,23.4,56,495,8,103.9,10289,0
Z08,2026-07-18T15:30:00.000Z,22.1,56,600,23,122.5,15028,0
Z08,2026-07-18T16:30:00.000Z,22.4,55,454,9,106.5,7580,0
Z08,2026-07-18T17:30:00.000Z,23.2,50,527,15,114.6,12585,0
Z08,2026-07-18T18:30:00.000Z,22.7,55,656,28,133.2,13697,0
Z08,2026-07-18T19:30:00.000Z,23.0,54,552,19,121.3,8849,0
Z08,2026-07-18T20:30:00.000Z,23.5,45,553,19,119.5,8764,0
Z08,2026-07-18T21:30:00.000Z,22.4,47,578,22,124.8,13727,0
Z08,2026-07-18T22:30:00.000Z,23.3,50,643,27,129.1,10975,0
Z08,2026-07-18T23:30:00.000Z,22.3,43,903,63,176.1,12418,0
Z08,2026-07-19T00:30:00.000Z,23.0,45,993,78,199.3,17979,0
Z08,2026-07-19T01:30:00.000Z,23.2,51,1018,80,210.4,20264,0
Z08,2026-07-19T02:30:00.000Z,23.3,46,592,21,133.7,10159,0
Z08,2026-07-19T03:30:00.000Z,23.1,43,470,8,118.1,12121,0
Z08,2026-07-19T04:30:00.000Z,23.1,44,573,20,138.8,8994,0
Z08,2026-07-19T05:30:00.000Z,22.8,52,531,11,127.4,7870,0
Z08,2026-07-19T06:30:00.000Z,22.6,57,605,22,143.4,14851,0
Z08,2026-07-19T07:30:00.000Z,22.0,46,500,11,126.8,11714,0
Z08,2026-07-19T08:30:00.000Z,22.9,53,579,18,133.9,14085,0
Z08,2026-07-19T09:30:00.000Z,22.3,49,550,15,129,13535,0
Z08,2026-07-19T10:30:00.000Z,23.8,53,1068,87,228.6,17094,0
Z08,2026-07-19T11:30:00.000Z,24.0,57,1011,79,209.8,22141,0
Z08,2026-07-19T12:30:00.000Z,23.0,48,871,65,178.3,19731,0
Z08,2026-07-19T13:30:00.000Z,23.5,53,1039,90,211.6,15221,0
Z08,2026-07-19T14:30:00.000Z,22.4,47,553,16,115,9547,0
Z08,2026-07-19T15:30:00.000Z,23.0,48,508,9,107.6,8622,0
Z08,2026-07-19T16:30:00.000Z,22.8,52,493,10,106.1,12533,0
Z08,2026-07-19T17:30:00.000Z,21.9,44,559,17,116.5,11719,0
Z08,2026-07-19T18:30:00.000Z,23.4,50,626,27,130.8,12180,0
Z08,2026-07-19T19:30:00.000Z,22.7,45,535,15,113.1,8281,0
Z08,2026-07-19T20:30:00.000Z,22.5,49,600,28,131.2,8642,0
Z08,2026-07-19T21:30:00.000Z,22.6,52,600,28,131,12452,0
Z08,2026-07-19T22:30:00.000Z,22.7,50,544,13,110.7,8148,0
Z08,2026-07-19T23:30:00.000Z,23.7,44,1062,91,215.9,17517,0
Z08,2026-07-20T00:30:00.000Z,23.0,57,960,79,198.4,20158,0
Z08,2026-07-20T01:30:00.000Z,22.8,44,928,67,190.4,18254,0
Z08,2026-07-20T02:30:00.000Z,22.6,56,567,21,130.9,14714,0
Z08,2026-07-20T03:30:00.000Z,21.8,42,502,12,122,7967,0
Z08,2026-07-20T04:30:00.000Z,23.3,57,515,14,128.8,12403,0
Z08,2026-07-20T05:30:00.000Z,22.5,49,650,29,153.9,11261,0
Z08,2026-07-20T06:30:00.000Z,21.9,53,508,13,131.6,10185,0
Z08,2026-07-20T07:30:00.000Z,22.7,54,531,10,125.7,10588,0
Z08,2026-07-20T08:30:00.000Z,23.3,57,596,19,138.1,8873,0
Z08,2026-07-20T09:30:00.000Z,22.6,49,545,21,136.4,9067,0
Z08,2026-07-20T10:30:00.000Z,23.8,52,938,76,211.5,17639,0
Z08,2026-07-20T11:30:00.000Z,22.5,47,994,83,210.1,24770,0
Z08,2026-07-20T12:30:00.000Z,22.8,52,917,74,190.3,23229,0
Z08,2026-07-20T13:30:00.000Z,22.9,53,883,61,173.3,19099,0
Z08,2026-07-20T14:30:00.000Z,23.1,57,461,6,100.9,6294,0
Z08,2026-07-20T15:30:00.000Z,23.1,47,543,17,116.5,9588,0
Z08,2026-07-20T16:30:00.000Z,23.5,51,638,27,129.8,12300,0
Z09,2026-07-17T17:30:00.000Z,22.6,43,451,9,18.7,1333,0
Z09,2026-07-17T18:30:00.000Z,22.9,57,472,6,17.9,1589,0
Z09,2026-07-17T19:30:00.000Z,22.5,43,450,7,18.4,1129,0
Z09,2026-07-17T20:30:00.000Z,22.5,44,450,6,17.9,1592,0
Z09,2026-07-17T21:30:00.000Z,21.7,57,458,5,17.9,1411,0
Z09,2026-07-17T22:30:00.000Z,22.9,44,466,8,18.5,1481,0
Z09,2026-07-17T23:30:00.000Z,22.6,47,648,33,24.6,2543,0
Z09,2026-07-18T00:30:00.000Z,22.8,49,671,36,24.7,2155,0
Z09,2026-07-18T01:30:00.000Z,23.4,52,874,68,34.3,4229,0
Z09,2026-07-18T02:30:00.000Z,22.3,56,883,62,33.4,2791,0
Z09,2026-07-18T03:30:00.000Z,22.1,51,441,6,20.5,1600,0
Z09,2026-07-18T04:30:00.000Z,23.2,47,515,10,21.5,1357,0
Z09,2026-07-18T05:30:00.000Z,22.6,47,434,2,20.2,1649,0
Z09,2026-07-18T06:30:00.000Z,22.2,56,468,9,21.9,1353,0
Z09,2026-07-18T07:30:00.000Z,22.9,53,516,9,21.6,2191,0
Z09,2026-07-18T08:30:00.000Z,23.2,53,448,3,20.1,1216,0
Z09,2026-07-18T09:30:00.000Z,23.1,56,774,45,30,2895,0
Z09,2026-07-18T10:30:00.000Z,22.2,48,645,32,25.8,1826,0
Z09,2026-07-18T11:30:00.000Z,23.1,52,695,41,27.8,2541,0
Z09,2026-07-18T12:30:00.000Z,22.9,56,935,68,32.1,2283,0
Z09,2026-07-18T13:30:00.000Z,23.1,47,498,9,18.6,1833,0
Z09,2026-07-18T14:30:00.000Z,22.0,46,486,7,18.4,1474,0
Z09,2026-07-18T15:30:00.000Z,23.2,45,487,7,18.5,1139,0
Z09,2026-07-18T16:30:00.000Z,23.3,56,453,3,17.3,1523,0
Z09,2026-07-18T17:30:00.000Z,23.3,56,445,5,17.9,1737,0
Z09,2026-07-18T18:30:00.000Z,22.6,43,509,6,18.1,1751,0
Z09,2026-07-18T19:30:00.000Z,22.8,54,420,3,17.1,1966,0
Z09,2026-07-18T20:30:00.000Z,21.9,53,509,6,17.9,1278,0
Z09,2026-07-18T21:30:00.000Z,22.3,48,430,5,17.5,1725,0
Z09,2026-07-18T22:30:00.000Z,22.7,53,453,7,18.6,1142,0
Z09,2026-07-18T23:30:00.000Z,23.0,44,679,36,25.3,2874,0
Z09,2026-07-19T00:30:00.000Z,23.2,55,899,69,32.5,2947,0
Z09,2026-07-19T01:30:00.000Z,22.2,48,806,59,31.7,3917,0
Z09,2026-07-19T02:30:00.000Z,22.4,50,639,31,26.1,2033,0
Z09,2026-07-19T03:30:00.000Z,22.1,55,491,7,20.5,1798,0
Z09,2026-07-19T04:30:00.000Z,22.0,45,508,8,21,1816,0
Z09,2026-07-19T05:30:00.000Z,23.2,51,490,8,21.7,1645,0
Z09,2026-07-19T06:30:00.000Z,22.9,58,441,7,21.3,1936,0
Z09,2026-07-19T07:30:00.000Z,22.7,42,503,10,22.4,1536,0
Z09,2026-07-19T08:30:00.000Z,22.2,50,470,6,20.6,2083,0
Z09,2026-07-19T09:30:00.000Z,22.9,52,805,53,32.4,3130,0
Z09,2026-07-19T10:30:00.000Z,23.7,47,838,60,32.9,2432,0
Z09,2026-07-19T11:30:00.000Z,22.8,50,700,34,25.7,2110,0
Z09,2026-07-19T12:30:00.000Z,22.7,53,824,61,31.1,3053,0
Z09,2026-07-19T13:30:00.000Z,22.6,54,468,4,17.6,1557,0
Z09,2026-07-19T14:30:00.000Z,22.0,57,478,10,19.1,1699,0
Z09,2026-07-19T15:30:00.000Z,22.0,55,457,8,18.8,1997,0
Z09,2026-07-19T16:30:00.000Z,22.7,46,447,8,18.3,1321,0
Z09,2026-07-19T17:30:00.000Z,23.3,46,422,4,17.6,1380,0
Z09,2026-07-19T18:30:00.000Z,22.1,45,453,3,17.2,1507,0
Z09,2026-07-19T19:30:00.000Z,22.0,44,510,7,18.4,1798,0
Z09,2026-07-19T20:30:00.000Z,22.0,50,427,3,17.3,1675,0
Z09,2026-07-19T21:30:00.000Z,23.0,56,458,7,18,1775,0
Z09,2026-07-19T22:30:00.000Z,23.4,48,534,9,18.6,1350,0
Z09,2026-07-19T23:30:00.000Z,22.6,44,639,30,23.9,2240,0
Z09,2026-07-20T00:30:00.000Z,23.6,44,765,49,28.3,3581,0
Z09,2026-07-20T01:30:00.000Z,22.3,46,745,40,26.8,2749,0
Z09,2026-07-20T02:30:00.000Z,23.2,50,767,49,30.2,3585,0
Z09,2026-07-20T03:30:00.000Z,23.1,45,437,6,20.3,1278,0
Z09,2026-07-20T04:30:00.000Z,22.6,49,444,7,20.8,1459,0
Z09,2026-07-20T05:30:00.000Z,22.3,49,435,2,20.2,1501,0
Z09,2026-07-20T06:30:00.000Z,22.4,54,455,3,20.1,1218,0
Z09,2026-07-20T07:30:00.000Z,21.8,53,526,10,22.1,1357,0
Z09,2026-07-20T08:30:00.000Z,22.8,43,462,8,21,1316,0
Z09,2026-07-20T09:30:00.000Z,23.6,49,714,42,29.6,3328,0
Z09,2026-07-20T10:30:00.000Z,22.7,46,854,57,32.5,2949,0
Z09,2026-07-20T11:30:00.000Z,23.6,57,853,65,33.3,3821,0
Z09,2026-07-20T12:30:00.000Z,23.6,50,884,63,30.9,2801,0
Z09,2026-07-20T13:30:00.000Z,22.3,55,457,5,18,1581,0
Z09,2026-07-20T14:30:00.000Z,22.0,52,444,3,17.3,1356,0
Z09,2026-07-20T15:30:00.000Z,22.5,43,455,3,17.1,1205,0
Z09,2026-07-20T16:30:00.000Z,22.8,53,457,6,17.9,1280,0
Z10,2026-07-17T17:30:00.000Z,22.4,55,459,7,39.5,3896,0
Z10,2026-07-17T18:30:00.000Z,22.0,43,488,5,38.7,3073,0
Z10,2026-07-17T19:30:00.000Z,22.6,46,490,14,42.7,3935,0
Z10,2026-07-17T20:30:00.000Z,22.3,56,514,17,45.4,4525,0
Z10,2026-07-17T21:30:00.000Z,22.2,53,526,12,42.6,3041,0
Z10,2026-07-17T22:30:00.000Z,23.4,49,545,11,42.2,3380,0
Z10,2026-07-17T23:30:00.000Z,23.0,56,541,18,44.6,3734,0
Z10,2026-07-18T00:30:00.000Z,22.9,51,980,82,77.9,7046,0
Z10,2026-07-18T01:30:00.000Z,23.9,52,1024,81,79.8,10170,0
Z10,2026-07-18T02:30:00.000Z,22.9,48,498,7,42.8,3507,0
Z10,2026-07-18T03:30:00.000Z,22.7,46,505,6,43.5,2773,0
Z10,2026-07-18T04:30:00.000Z,22.3,55,453,9,46.4,4004,0
Z10,2026-07-18T05:30:00.000Z,23.3,45,506,11,49,4131,0
Z10,2026-07-18T06:30:00.000Z,23.8,44,1038,86,94,6457,0
Z10,2026-07-18T07:30:00.000Z,23.6,50,952,72,83.9,6562,0
Z10,2026-07-18T08:30:00.000Z,21.8,57,587,17,51.3,4512,0
Z10,2026-07-18T09:30:00.000Z,21.9,47,527,17,50.6,4538,0
Z10,2026-07-18T10:30:00.000Z,22.7,47,572,15,47.9,3588,0
Z10,2026-07-18T11:30:00.000Z,22.5,58,482,11,43.8,4500,0
Z10,2026-07-18T12:30:00.000Z,23.3,52,933,70,70.7,5003,0
Z10,2026-07-18T13:30:00.000Z,23.0,53,948,78,75.5,8370,0
Z10,2026-07-18T14:30:00.000Z,22.5,55,533,17,45,4085,0
Z10,2026-07-18T15:30:00.000Z,23.0,44,489,9,40.9,4004,0
Z10,2026-07-18T16:30:00.000Z,23.0,45,502,13,42.3,3458,0
Z10,2026-07-18T17:30:00.000Z,22.7,56,537,14,43.4,3526,0
Z10,2026-07-18T18:30:00.000Z,21.8,58,567,18,45.6,3739,0
Z10,2026-07-18T19:30:00.000Z,21.9,54,537,17,45.1,2876,0
Z10,2026-07-18T20:30:00.000Z,23.2,48,500,7,40.2,3890,0
Z10,2026-07-18T21:30:00.000Z,22.9,45,417,3,37.5,2980,0
Z10,2026-07-18T22:30:00.000Z,22.6,54,472,11,42,3364,0
Z10,2026-07-18T23:30:00.000Z,23.4,54,506,16,43.4,3614,0
Z10,2026-07-19T00:30:00.000Z,22.8,48,1059,94,82.6,6859,0
Z10,2026-07-19T01:30:00.000Z,23.3,51,921,71,74.1,7193,0
Z10,2026-07-19T02:30:00.000Z,23.0,57,474,11,45.9,2633,0
Z10,2026-07-19T03:30:00.000Z,22.4,55,536,17,50.2,2863,0
Z10,2026-07-19T04:30:00.000Z,21.8,56,566,17,51.4,2855,0
Z10,2026-07-19T05:30:00.000Z,23.2,53,546,13,48.9,3074,0
Z10,2026-07-19T06:30:00.000Z,23.2,55,1012,78,88.3,7650,0
Z10,2026-07-19T07:30:00.000Z,22.7,43,1105,94,97.3,8534,0
Z10,2026-07-19T08:30:00.000Z,22.3,50,479,9,46.4,3260,0
Z10,2026-07-19T09:30:00.000Z,22.4,50,523,15,49.7,3609,0
Z10,2026-07-19T10:30:00.000Z,22.6,43,580,18,93.1,5400,0
Z10,2026-07-19T11:30:00.000Z,22.2,56,507,9,81.1,3991,0
Z10,2026-07-19T12:30:00.000Z,22.6,54,912,74,138.5,8110,0
Z10,2026-07-19T13:30:00.000Z,23.4,50,956,72,135.8,5801,0
Z10,2026-07-19T14:30:00.000Z,22.4,51,528,10,78.5,4792,0
Z10,2026-07-19T15:30:00.000Z,23.0,49,512,8,39.5,3571,0
Z10,2026-07-19T16:30:00.000Z,22.2,45,456,7,39.9,3524,0
Z10,2026-07-19T17:30:00.000Z,22.4,46,507,15,43.8,4385,0
Z10,2026-07-19T18:30:00.000Z,23.0,57,470,4,38,3322,0
Z10,2026-07-19T19:30:00.000Z,22.1,46,564,14,43.1,3541,0
Z10,2026-07-19T20:30:00.000Z,22.1,56,590,18,45.1,5393,0
Z10,2026-07-19T21:30:00.000Z,22.5,55,534,12,42.3,4590,0
Z10,2026-07-19T22:30:00.000Z,23.1,51,466,7,39.7,2471,0
Z10,2026-07-19T23:30:00.000Z,22.8,53,432,5,38.7,4439,0
Z10,2026-07-20T00:30:00.000Z,22.4,47,912,74,74,5912,0
Z10,2026-07-20T01:30:00.000Z,23.7,45,1108,94,87.6,8568,0
Z10,2026-07-20T02:30:00.000Z,22.0,50,534,11,44.4,3727,0
Z10,2026-07-20T03:30:00.000Z,22.6,57,533,18,51,3319,0
Z10,2026-07-20T04:30:00.000Z,23.0,50,492,4,43.5,2995,0
Z10,2026-07-20T05:30:00.000Z,22.8,50,523,18,52.1,4985,0
Z10,2026-07-20T06:30:00.000Z,23.3,58,903,67,82.5,5593,0
Z10,2026-07-20T07:30:00.000Z,23.8,56,935,75,86.9,6698,0
Z10,2026-07-20T08:30:00.000Z,23.0,55,520,8,46.4,4326,0
Z10,2026-07-20T09:30:00.000Z,23.0,46,549,13,47.1,3463,0
Z10,2026-07-20T10:30:00.000Z,23.0,50,471,5,42.4,2394,0
Z10,2026-07-20T11:30:00.000Z,22.5,49,528,17,46.2,4943,0
Z10,2026-07-20T12:30:00.000Z,23.0,42,895,65,69.9,6876,0
Z10,2026-07-20T13:30:00.000Z,23.8,49,1066,92,83.2,7602,0
Z10,2026-07-20T14:30:00.000Z,22.9,45,439,3,37.9,2974,0
Z10,2026-07-20T15:30:00.000Z,22.2,52,459,6,39.8,3136,0
Z10,2026-07-20T16:30:00.000Z,23.1,44,523,18,45,3314,0
Z11,2026-07-17T17:30:00.000Z,22.3,58,460,2,48.7,4613,0
Z11,2026-07-17T18:30:00.000Z,21.8,47,512,10,53.8,6326,0
Z11,2026-07-17T19:30:00.000Z,22.2,53,458,7,51.7,5070,0
Z11,2026-07-17T20:30:00.000Z,22.6,55,428,5,51.1,4458,0
Z11,2026-07-17T21:30:00.000Z,23.2,50,483,9,53.5,5721,0
Z11,2026-07-17T22:30:00.000Z,22.0,57,471,3,49.1,3415,0
Z11,2026-07-17T23:30:00.000Z,22.9,56,451,4,50.2,4367,0
Z11,2026-07-18T00:30:00.000Z,22.9,48,424,4,49.8,4829,0
Z11,2026-07-18T01:30:00.000Z,22.8,52,1001,77,103.6,7942,0
Z11,2026-07-18T02:30:00.000Z,23.9,46,898,71,102.9,6622,0
Z11,2026-07-18T03:30:00.000Z,23.4,44,809,51,90.9,10304,0
Z11,2026-07-18T04:30:00.000Z,22.0,45,437,7,59.8,5952,0
Z11,2026-07-18T05:30:00.000Z,22.9,43,510,8,60.8,3717,0
Z11,2026-07-18T06:30:00.000Z,22.8,50,466,3,58,3862,0
Z11,2026-07-18T07:30:00.000Z,22.4,44,532,11,63.1,4420,0
Z11,2026-07-18T08:30:00.000Z,21.8,57,494,4,58.2,3971,0
Z11,2026-07-18T09:30:00.000Z,22.5,49,453,3,54.8,5186,0
Z11,2026-07-18T10:30:00.000Z,21.9,56,462,7,57,5540,0
Z11,2026-07-18T11:30:00.000Z,22.1,48,474,10,55.7,5830,0
Z11,2026-07-18T12:30:00.000Z,23.2,48,417,2,48,3794,0
Z11,2026-07-18T13:30:00.000Z,22.6,55,471,10,53.4,4379,0
Z11,2026-07-18T14:30:00.000Z,22.2,45,464,2,49,3828,0
Z11,2026-07-18T15:30:00.000Z,22.3,49,444,8,52.6,5111,0
Z11,2026-07-18T16:30:00.000Z,23.3,57,505,11,55.1,5911,0
Z11,2026-07-18T17:30:00.000Z,21.9,57,459,4,49.2,4382,0
Z11,2026-07-18T18:30:00.000Z,22.4,51,438,3,49.9,3451,0
Z11,2026-07-18T19:30:00.000Z,22.5,49,492,7,51.4,4134,0
Z11,2026-07-18T20:30:00.000Z,23.4,57,496,11,54.1,4427,0
Z11,2026-07-18T21:30:00.000Z,22.2,43,469,4,49.2,3482,0
Z11,2026-07-18T22:30:00.000Z,22.1,48,475,12,54.7,4481,0
Z11,2026-07-18T23:30:00.000Z,22.9,57,426,3,48.7,3439,0
Z11,2026-07-19T00:30:00.000Z,23.2,53,482,8,51.7,4216,0
Z11,2026-07-19T01:30:00.000Z,22.3,46,812,49,82.2,7775,0
Z11,2026-07-19T02:30:00.000Z,23.2,56,906,63,97.3,8817,0
Z11,2026-07-19T03:30:00.000Z,22.7,43,948,74,109.1,9686,0
Z11,2026-07-19T04:30:00.000Z,22.6,47,452,3,55.9,4746,0
Z11,2026-07-19T05:30:00.000Z,22.1,57,469,8,61.2,6109,0
Z11,2026-07-19T06:30:00.000Z,21.9,55,433,1,55.8,4987,0
Z11,2026-07-19T07:30:00.000Z,23.1,57,494,9,62.2,5739,0
Z11,2026-07-19T08:30:00.000Z,22.6,46,507,6,58.7,5874,0
Z11,2026-07-19T09:30:00.000Z,22.9,49,463,6,57.6,4060,0
Z11,2026-07-19T10:30:00.000Z,22.0,55,415,1,52.5,4596,0
Z11,2026-07-19T11:30:00.000Z,22.7,44,404,2,50.9,4629,0
Z11,2026-07-19T12:30:00.000Z,23.0,51,467,9,53.7,3814,0
Z11,2026-07-19T13:30:00.000Z,23.1,45,500,7,52.4,5053,0
Z11,2026-07-19T14:30:00.000Z,22.3,45,459,5,50.6,5756,0
Z11,2026-07-19T15:30:00.000Z,22.0,50,511,11,55.2,5419,0
Z11,2026-07-19T16:30:00.000Z,22.1,53,421,2,49.1,5086,0
Z11,2026-07-19T17:30:00.000Z,21.9,56,485,5,50.3,5358,0
Z11,2026-07-19T18:30:00.000Z,22.0,47,478,6,51.1,4094,0
Z11,2026-07-19T19:30:00.000Z,22.5,54,479,5,50,3560,0
Z11,2026-07-19T20:30:00.000Z,23.0,48,454,8,53.3,6109,0
Z11,2026-07-19T21:30:00.000Z,22.5,46,481,3,49,4746,0
Z11,2026-07-19T22:30:00.000Z,22.7,44,461,4,48.8,3910,0
Z11,2026-07-19T23:30:00.000Z,22.1,51,457,4,50.1,4787,0
Z11,2026-07-20T00:30:00.000Z,22.3,50,511,12,55.1,5477,0
Z11,2026-07-20T01:30:00.000Z,23.7,54,763,50,83.1,6286,0
Z11,2026-07-20T02:30:00.000Z,23.6,56,795,48,85.6,6922,0
Z11,2026-07-20T03:30:00.000Z,23.1,58,903,72,105.4,10464,0
Z11,2026-07-20T04:30:00.000Z,21.9,45,495,8,60.8,5186,0
Z11,2026-07-20T05:30:00.000Z,22.9,44,507,6,59.8,4978,0
Z11,2026-07-20T06:30:00.000Z,23.1,53,448,4,58.4,4390,0
Z11,2026-07-20T07:30:00.000Z,23.4,55,443,6,59.7,5449,0
Z11,2026-07-20T08:30:00.000Z,21.9,46,462,7,58.8,5061,0
Z11,2026-07-20T09:30:00.000Z,22.4,53,495,11,61.5,5921,0
Z11,2026-07-20T10:30:00.000Z,22.5,53,521,8,56.3,6100,0
Z11,2026-07-20T11:30:00.000Z,22.9,45,418,3,51.1,5168,0
Z11,2026-07-20T12:30:00.000Z,23.2,44,468,2,47.9,3801,0
Z11,2026-07-20T13:30:00.000Z,21.8,51,417,2,49.1,4646,0
Z11,2026-07-20T14:30:00.000Z,22.1,51,483,3,48.9,5204,0
Z11,2026-07-20T15:30:00.000Z,23.0,44,472,5,50.3,4428,0
Z11,2026-07-20T16:30:00.000Z,22.3,52,477,12,55.6,6434,0
Z12,2026-07-17T17:30:00.000Z,22.0,58,467,10,36.6,2935,0
Z12,2026-07-17T18:30:00.000Z,22.1,47,476,7,35.3,2175,0
Z12,2026-07-17T19:30:00.000Z,23.4,43,522,10,36.8,2279,0
Z12,2026-07-17T20:30:00.000Z,22.7,54,480,4,33.7,2975,0
Z12,2026-07-17T21:30:00.000Z,22.8,53,441,5,34,3036,0
Z12,2026-07-17T22:30:00.000Z,22.4,47,488,7,34.7,3418,0
Z12,2026-07-17T23:30:00.000Z,21.8,56,505,6,34.2,2140,0
Z12,2026-07-18T00:30:00.000Z,23.0,47,452,7,35.4,3754,0
Z12,2026-07-18T01:30:00.000Z,23.3,56,495,7,36.7,2498,0
Z12,2026-07-18T02:30:00.000Z,22.8,43,477,5,36.8,3300,0
Z12,2026-07-18T03:30:00.000Z,21.8,49,487,5,38.4,3606,0
Z12,2026-07-18T04:30:00.000Z,23.0,45,504,7,40.6,3766,0
Z12,2026-07-18T05:30:00.000Z,22.4,45,446,6,39.9,2453,0
Z12,2026-07-18T06:30:00.000Z,21.9,49,470,8,41.3,3184,0
Z12,2026-07-18T07:30:00.000Z,22.6,52,437,5,39.5,3600,0
Z12,2026-07-18T08:30:00.000Z,22.6,43,495,4,38.7,2970,0
Z12,2026-07-18T09:30:00.000Z,22.0,42,477,5,38.1,3295,0
Z12,2026-07-18T10:30:00.000Z,22.1,45,454,9,38.8,3225,0
Z12,2026-07-18T11:30:00.000Z,23.0,52,523,10,37.7,3901,0
Z12,2026-07-18T12:30:00.000Z,22.1,42,502,8,35.5,2519,0
Z12,2026-07-18T13:30:00.000Z,23.2,54,446,5,34.3,3637,0
Z12,2026-07-18T14:30:00.000Z,22.8,43,446,7,34.5,2792,0
Z12,2026-07-18T15:30:00.000Z,23.1,45,499,6,34.2,3668,0
Z12,2026-07-18T16:30:00.000Z,21.8,55,452,4,34.2,3576,0
Z12,2026-07-18T17:30:00.000Z,22.0,45,483,9,35.5,2236,0
Z12,2026-07-18T18:30:00.000Z,21.8,57,429,5,33.6,3588,0
Z12,2026-07-18T19:30:00.000Z,22.2,45,450,8,35.7,2852,0
Z12,2026-07-18T20:30:00.000Z,22.6,52,485,4,34.1,3261,0
Z12,2026-07-18T21:30:00.000Z,23.2,49,492,9,35.8,3514,0
Z12,2026-07-18T22:30:00.000Z,22.9,52,493,9,36.1,2580,0
Z12,2026-07-18T23:30:00.000Z,22.1,58,477,8,35.1,3790,0
Z12,2026-07-19T00:30:00.000Z,23.2,57,474,8,35.8,3821,0
Z12,2026-07-19T01:30:00.000Z,21.9,52,480,6,36,3067,0
Z12,2026-07-19T02:30:00.000Z,22.1,57,472,7,38.1,2811,0
Z12,2026-07-19T03:30:00.000Z,22.9,44,476,6,38.7,3345,0
Z12,2026-07-19T04:30:00.000Z,23.0,55,497,8,40.1,3143,0
Z12,2026-07-19T05:30:00.000Z,23.1,55,460,7,40.4,2482,0
Z12,2026-07-19T06:30:00.000Z,22.5,50,437,5,39.4,3594,0
Z12,2026-07-19T07:30:00.000Z,23.3,54,496,6,40.1,2466,0
Z12,2026-07-19T08:30:00.000Z,23.0,46,491,10,41.8,3256,0
Z12,2026-07-19T09:30:00.000Z,23.1,44,477,10,40.5,2944,0
Z12,2026-07-19T10:30:00.000Z,22.3,43,516,10,39.8,3907,0
Z12,2026-07-19T11:30:00.000Z,21.8,51,468,6,36.3,3368,0
Z12,2026-07-19T12:30:00.000Z,22.9,53,458,5,33.8,3588,0
Z12,2026-07-19T13:30:00.000Z,23.1,46,482,6,34.8,3980,0
Z12,2026-07-19T14:30:00.000Z,22.1,54,511,10,36.4,2601,0
Z12,2026-07-19T15:30:00.000Z,22.7,45,484,8,35.6,3480,0
Z12,2026-07-19T16:30:00.000Z,23.2,45,507,7,35,4066,0
Z12,2026-07-19T17:30:00.000Z,23.3,47,513,10,36.1,2596,0
Z12,2026-07-19T18:30:00.000Z,22.2,49,488,6,34.6,3368,0
Z12,2026-07-19T19:30:00.000Z,23.0,51,445,7,34.5,4033,0
Z12,2026-07-19T20:30:00.000Z,23.0,54,449,6,34.1,3662,0
Z12,2026-07-19T21:30:00.000Z,22.0,51,475,10,36.5,3919,0
Z12,2026-07-19T22:30:00.000Z,22.8,54,497,7,34.5,3711,0
Z12,2026-07-19T23:30:00.000Z,22.4,45,478,5,33.8,2107,0
Z12,2026-07-20T00:30:00.000Z,22.6,56,492,4,33.7,2686,0
Z12,2026-07-20T01:30:00.000Z,23.3,58,503,5,35.3,2723,0
Z12,2026-07-20T02:30:00.000Z,22.5,49,474,8,38.9,3497,0
Z12,2026-07-20T03:30:00.000Z,21.9,50,522,8,39.3,3469,0
Z12,2026-07-20T04:30:00.000Z,22.7,51,523,10,41.8,4226,0
Z12,2026-07-20T05:30:00.000Z,22.6,56,477,5,39.4,2396,0
Z12,2026-07-20T06:30:00.000Z,22.4,56,494,8,41.5,2861,0
Z12,2026-07-20T07:30:00.000Z,22.9,58,501,10,42.3,2921,0
Z12,2026-07-20T08:30:00.000Z,22.7,57,478,7,39.5,2474,0
Z12,2026-07-20T09:30:00.000Z,23.3,47,432,5,37.9,2392,0
Z12,2026-07-20T10:30:00.000Z,23.2,46,476,8,38.8,3790,0
Z12,2026-07-20T11:30:00.000Z,22.8,47,451,5,35.7,3289,0
Z12,2026-07-20T12:30:00.000Z,22.2,54,521,8,35.5,3480,0
Z12,2026-07-20T13:30:00.000Z,22.5,49,509,7,35,3760,0
Z12,2026-07-20T14:30:00.000Z,22.7,51,456,9,36.4,4206,0
Z12,2026-07-20T15:30:00.000Z,22.9,43,493,6,34.8,2453,0
Z12,2026-07-20T16:30:00.000Z,22.5,42,509,10,35.9,3256,0